-- ============================================================
-- TÍTULO: Sistema de Agendamento de Clínica Médica
-- DESCRIÇÃO: Atividade SQL para controlar pacientes, médicos,
-- convênios, especialidades, consultas, prontuários e pagamentos.
-- Inclui relacionamentos, validações CHECK, chaves estrangeiras,
-- tabelas associativas e triggers em PostgreSQL.
-- BANCO: Supabase / PostgreSQL
-- ============================================================

DROP TABLE IF EXISTS pagamentos;
DROP TABLE IF EXISTS prontuarios;
DROP TABLE IF EXISTS consultas;
DROP TABLE IF EXISTS horarios_medicos;
DROP TABLE IF EXISTS salas;
DROP TABLE IF EXISTS tipos_atendimento;
DROP TABLE IF EXISTS medico_especialidades;
DROP TABLE IF EXISTS especialidades;
DROP TABLE IF EXISTS paciente_convenios;
DROP TABLE IF EXISTS convenios;
DROP TABLE IF EXISTS medicos;
DROP TABLE IF EXISTS pacientes;

CREATE TABLE pacientes (
    id_paciente BIGINT GENERATED BY DEFAULT AS IDENTITY PRIMARY KEY,
    cpf VARCHAR(11) NOT NULL UNIQUE,
    nome VARCHAR(100) NOT NULL,
    data_nascimento DATE NOT NULL,
    sexo VARCHAR(20) NOT NULL DEFAULT 'Nao informado'
        CHECK (sexo IN ('Masculino', 'Feminino', 'Outro', 'Nao informado')),
    telefone VARCHAR(11),
    email VARCHAR(100),
    endereco TEXT,
    cidade VARCHAR(100),
    estado CHAR(2),
    nome_responsavel VARCHAR(100),
    telefone_emergencia VARCHAR(11),
    alergias TEXT,
    observacoes TEXT,
    status_paciente VARCHAR(20) NOT NULL CHECK (status_paciente IN ('Ativo', 'Inativo')),

    CHECK (cpf ~ '^[0-9]{11}$'),
    CHECK (cpf NOT IN (
        '00000000000','11111111111','22222222222','33333333333','44444444444',
        '55555555555','66666666666','77777777777','88888888888','99999999999'
    )),
    CHECK (telefone IS NULL OR telefone ~ '^[0-9]{10,11}$'),
    CHECK (telefone_emergencia IS NULL OR telefone_emergencia ~ '^[0-9]{10,11}$'),
    CHECK (email IS NULL OR email LIKE '%@%.%'),
    CHECK (estado IS NULL OR estado ~ '^[A-Z]{2}$')
);

CREATE TABLE medicos (
    id_medico BIGINT GENERATED BY DEFAULT AS IDENTITY PRIMARY KEY,
    crm VARCHAR(20) NOT NULL,
    estado_crm CHAR(2) NOT NULL CHECK (estado_crm ~ '^[A-Z]{2}$'),
    nome VARCHAR(100) NOT NULL,
    telefone VARCHAR(11),
    email VARCHAR(100),
    status_medico VARCHAR(20) NOT NULL CHECK (status_medico IN ('Ativo', 'Inativo')),

    UNIQUE (crm, estado_crm),
    CHECK (telefone IS NULL OR telefone ~ '^[0-9]{10,11}$'),
    CHECK (email IS NULL OR email LIKE '%@%.%')
);

CREATE TABLE convenios (
    id_convenio BIGINT GENERATED BY DEFAULT AS IDENTITY PRIMARY KEY,
    nome_convenio VARCHAR(100) NOT NULL UNIQUE,
    telefone VARCHAR(11),
    status_convenio VARCHAR(20) NOT NULL CHECK (status_convenio IN ('Ativo', 'Inativo')),

    CHECK (telefone IS NULL OR telefone ~ '^[0-9]{10,11}$')
);

CREATE TABLE paciente_convenios (
    id_paciente BIGINT NOT NULL,
    id_convenio BIGINT NOT NULL,
    numero_carteirinha VARCHAR(50) NOT NULL,
    status_paciente_convenio VARCHAR(20) NOT NULL CHECK (
        status_paciente_convenio IN ('Ativo', 'Inativo')
    ),

    PRIMARY KEY (id_paciente, id_convenio),
    UNIQUE (id_convenio, numero_carteirinha),

    FOREIGN KEY (id_paciente) REFERENCES pacientes(id_paciente) ON UPDATE CASCADE ON DELETE RESTRICT,
    FOREIGN KEY (id_convenio) REFERENCES convenios(id_convenio) ON UPDATE CASCADE ON DELETE RESTRICT
);

CREATE TABLE especialidades (
    id_especialidade BIGINT GENERATED BY DEFAULT AS IDENTITY PRIMARY KEY,
    nome_especialidade VARCHAR(100) NOT NULL UNIQUE,
    descricao TEXT,
    status_especialidade VARCHAR(20) NOT NULL CHECK (status_especialidade IN ('Ativo', 'Inativo'))
);

CREATE TABLE medico_especialidades (
    id_medico BIGINT NOT NULL,
    id_especialidade BIGINT NOT NULL,

    PRIMARY KEY (id_medico, id_especialidade),

    FOREIGN KEY (id_medico) REFERENCES medicos(id_medico) ON UPDATE CASCADE ON DELETE RESTRICT,
    FOREIGN KEY (id_especialidade) REFERENCES especialidades(id_especialidade) ON UPDATE CASCADE ON DELETE RESTRICT
);

CREATE TABLE tipos_atendimento (
    id_tipo_atendimento BIGINT GENERATED BY DEFAULT AS IDENTITY PRIMARY KEY,
    id_especialidade BIGINT NOT NULL,
    nome_atendimento VARCHAR(100) NOT NULL,
    descricao TEXT,
    status_tipo VARCHAR(20) NOT NULL CHECK (status_tipo IN ('Ativo', 'Inativo')),

    UNIQUE (id_tipo_atendimento, id_especialidade),
    UNIQUE (id_especialidade, nome_atendimento),

    FOREIGN KEY (id_especialidade) REFERENCES especialidades(id_especialidade) ON UPDATE CASCADE ON DELETE RESTRICT
);

CREATE TABLE salas (
    id_sala BIGINT GENERATED BY DEFAULT AS IDENTITY PRIMARY KEY,
    nome_sala VARCHAR(50) NOT NULL UNIQUE,
    status_sala VARCHAR(20) NOT NULL CHECK (status_sala IN ('Ativa', 'Inativa'))
);

CREATE TABLE horarios_medicos (
    id_horario BIGINT GENERATED BY DEFAULT AS IDENTITY PRIMARY KEY,
    id_medico BIGINT NOT NULL,
    dia_semana INTEGER NOT NULL CHECK (dia_semana BETWEEN 0 AND 6),
    hora_inicio TIME NOT NULL,
    hora_fim TIME NOT NULL,
    status_horario VARCHAR(20) NOT NULL CHECK (status_horario IN ('Ativo', 'Inativo')),

    FOREIGN KEY (id_medico) REFERENCES medicos(id_medico) ON UPDATE CASCADE ON DELETE RESTRICT,
    CHECK (hora_fim > hora_inicio)
);

CREATE TABLE consultas (
    id_consulta BIGINT GENERATED BY DEFAULT AS IDENTITY PRIMARY KEY,
    id_paciente BIGINT NOT NULL,
    id_medico BIGINT NOT NULL,
    id_especialidade BIGINT NOT NULL,
    id_tipo_atendimento BIGINT NOT NULL,
    id_sala BIGINT NOT NULL,
    forma_atendimento VARCHAR(20) NOT NULL CHECK (forma_atendimento IN ('Particular', 'Convenio')),
    id_convenio BIGINT,
    data_agendamento DATE NOT NULL,
    data_consulta DATE NOT NULL,
    hora_inicio TIME NOT NULL,
    hora_fim TIME NOT NULL,
    valor_consulta_centavos INTEGER NOT NULL CHECK (valor_consulta_centavos >= 0),
    status_consulta VARCHAR(20) NOT NULL CHECK (status_consulta IN ('Agendada', 'Realizada', 'Cancelada')),
    motivo_cancelamento TEXT,
    observacoes TEXT,

    FOREIGN KEY (id_paciente) REFERENCES pacientes(id_paciente) ON UPDATE CASCADE ON DELETE RESTRICT,
    FOREIGN KEY (id_sala) REFERENCES salas(id_sala) ON UPDATE CASCADE ON DELETE RESTRICT,

    FOREIGN KEY (id_medico, id_especialidade)
        REFERENCES medico_especialidades(id_medico, id_especialidade)
        ON UPDATE CASCADE ON DELETE RESTRICT,

    FOREIGN KEY (id_tipo_atendimento, id_especialidade)
        REFERENCES tipos_atendimento(id_tipo_atendimento, id_especialidade)
        ON UPDATE CASCADE ON DELETE RESTRICT,

    FOREIGN KEY (id_paciente, id_convenio)
        REFERENCES paciente_convenios(id_paciente, id_convenio)
        ON UPDATE CASCADE ON DELETE RESTRICT,

    CHECK (
        (forma_atendimento = 'Particular' AND id_convenio IS NULL)
        OR
        (forma_atendimento = 'Convenio' AND id_convenio IS NOT NULL)
    ),
    CHECK (
        (status_consulta <> 'Cancelada' AND motivo_cancelamento IS NULL)
        OR
        (status_consulta = 'Cancelada' AND motivo_cancelamento IS NOT NULL)
    ),
    CHECK (data_consulta >= data_agendamento),
    CHECK (hora_fim > hora_inicio)
);

CREATE TABLE prontuarios (
    id_prontuario BIGINT GENERATED BY DEFAULT AS IDENTITY PRIMARY KEY,
    id_consulta BIGINT NOT NULL UNIQUE,
    queixa_principal TEXT NOT NULL,
    diagnostico TEXT,
    prescricao TEXT,
    observacoes_clinicas TEXT,

    FOREIGN KEY (id_consulta) REFERENCES consultas(id_consulta) ON UPDATE CASCADE ON DELETE RESTRICT
);

CREATE TABLE pagamentos (
    id_pagamento BIGINT GENERATED BY DEFAULT AS IDENTITY PRIMARY KEY,
    id_consulta BIGINT NOT NULL,
    forma_pagamento VARCHAR(20) NOT NULL CHECK (forma_pagamento IN ('Dinheiro', 'Cartao', 'Pix', 'Convenio')),
    valor_pago_centavos INTEGER NOT NULL CHECK (valor_pago_centavos >= 0),
    status_pagamento VARCHAR(20) NOT NULL CHECK (status_pagamento IN ('Pendente', 'Pago', 'Cancelado')),

    FOREIGN KEY (id_consulta) REFERENCES consultas(id_consulta) ON UPDATE CASCADE ON DELETE RESTRICT,
    UNIQUE (id_consulta, forma_pagamento)
);

CREATE OR REPLACE FUNCTION validar_consulta()
RETURNS TRIGGER AS $$
BEGIN
    IF (SELECT status_paciente FROM pacientes WHERE id_paciente = NEW.id_paciente) <> 'Ativo' THEN
        RAISE EXCEPTION 'Erro: paciente inativo';
    END IF;

    IF (SELECT status_medico FROM medicos WHERE id_medico = NEW.id_medico) <> 'Ativo' THEN
        RAISE EXCEPTION 'Erro: medico inativo';
    END IF;

    IF (SELECT status_especialidade FROM especialidades WHERE id_especialidade = NEW.id_especialidade) <> 'Ativo' THEN
        RAISE EXCEPTION 'Erro: especialidade inativa';
    END IF;

    IF (SELECT status_tipo FROM tipos_atendimento WHERE id_tipo_atendimento = NEW.id_tipo_atendimento) <> 'Ativo' THEN
        RAISE EXCEPTION 'Erro: tipo de atendimento inativo';
    END IF;

    IF (SELECT status_sala FROM salas WHERE id_sala = NEW.id_sala) <> 'Ativa' THEN
        RAISE EXCEPTION 'Erro: sala inativa';
    END IF;

    IF NEW.forma_atendimento = 'Convenio'
       AND (SELECT status_convenio FROM convenios WHERE id_convenio = NEW.id_convenio) <> 'Ativo' THEN
        RAISE EXCEPTION 'Erro: convenio inativo';
    END IF;

    IF NEW.forma_atendimento = 'Convenio'
       AND (
            SELECT status_paciente_convenio
            FROM paciente_convenios
            WHERE id_paciente = NEW.id_paciente
              AND id_convenio = NEW.id_convenio
       ) <> 'Ativo' THEN
        RAISE EXCEPTION 'Erro: convenio do paciente inativo';
    END IF;

    IF NEW.status_consulta <> 'Cancelada'
       AND NOT EXISTS (
            SELECT 1
            FROM horarios_medicos
            WHERE id_medico = NEW.id_medico
              AND dia_semana = EXTRACT(DOW FROM NEW.data_consulta)::INTEGER
              AND status_horario = 'Ativo'
              AND hora_inicio <= NEW.hora_inicio
              AND hora_fim >= NEW.hora_fim
       ) THEN
        RAISE EXCEPTION 'Erro: consulta fora do horario de atendimento do medico';
    END IF;

    IF NEW.status_consulta <> 'Cancelada'
       AND EXISTS (
            SELECT 1
            FROM consultas
            WHERE id_medico = NEW.id_medico
              AND data_consulta = NEW.data_consulta
              AND status_consulta <> 'Cancelada'
              AND NEW.hora_inicio < hora_fim
              AND NEW.hora_fim > hora_inicio
              AND (TG_OP = 'INSERT' OR id_consulta <> NEW.id_consulta)
       ) THEN
        RAISE EXCEPTION 'Erro: conflito de horario para o mesmo medico';
    END IF;

    IF NEW.status_consulta <> 'Cancelada'
       AND EXISTS (
            SELECT 1
            FROM consultas
            WHERE id_paciente = NEW.id_paciente
              AND data_consulta = NEW.data_consulta
              AND status_consulta <> 'Cancelada'
              AND NEW.hora_inicio < hora_fim
              AND NEW.hora_fim > hora_inicio
              AND (TG_OP = 'INSERT' OR id_consulta <> NEW.id_consulta)
       ) THEN
        RAISE EXCEPTION 'Erro: conflito de horario para o paciente';
    END IF;

    IF NEW.status_consulta <> 'Cancelada'
       AND EXISTS (
            SELECT 1
            FROM consultas
            WHERE id_sala = NEW.id_sala
              AND data_consulta = NEW.data_consulta
              AND status_consulta <> 'Cancelada'
              AND NEW.hora_inicio < hora_fim
              AND NEW.hora_fim > hora_inicio
              AND (TG_OP = 'INSERT' OR id_consulta <> NEW.id_consulta)
       ) THEN
        RAISE EXCEPTION 'Erro: conflito de horario para a sala';
    END IF;

    RETURN NEW;
END;
$$ LANGUAGE plpgsql;

CREATE TRIGGER trg_consultas_validar
BEFORE INSERT OR UPDATE ON consultas
FOR EACH ROW
EXECUTE FUNCTION validar_consulta();

CREATE OR REPLACE FUNCTION validar_prontuario()
RETURNS TRIGGER AS $$
BEGIN
    IF (SELECT status_consulta FROM consultas WHERE id_consulta = NEW.id_consulta) <> 'Realizada' THEN
        RAISE EXCEPTION 'Erro: prontuario apenas para consulta realizada';
    END IF;

    RETURN NEW;
END;
$$ LANGUAGE plpgsql;

CREATE TRIGGER trg_prontuario_validar
BEFORE INSERT OR UPDATE ON prontuarios
FOR EACH ROW
EXECUTE FUNCTION validar_prontuario();

CREATE OR REPLACE FUNCTION validar_pagamento()
RETURNS TRIGGER AS $$
DECLARE
    total_pagamentos INTEGER;
    valor_consulta INTEGER;
    tipo_consulta VARCHAR(20);
    status_da_consulta VARCHAR(20);
BEGIN
    SELECT status_consulta, valor_consulta_centavos, forma_atendimento
    INTO status_da_consulta, valor_consulta, tipo_consulta
    FROM consultas
    WHERE id_consulta = NEW.id_consulta;

    IF status_da_consulta = 'Cancelada' THEN
        RAISE EXCEPTION 'Erro: nao registrar pagamento para consulta cancelada';
    END IF;

    SELECT COALESCE(SUM(valor_pago_centavos), 0)
    INTO total_pagamentos
    FROM pagamentos
    WHERE id_consulta = NEW.id_consulta
      AND status_pagamento <> 'Cancelado'
      AND (TG_OP = 'INSERT' OR id_pagamento <> NEW.id_pagamento);

    IF total_pagamentos + CASE
        WHEN NEW.status_pagamento <> 'Cancelado' THEN NEW.valor_pago_centavos
        ELSE 0
    END > valor_consulta THEN
        RAISE EXCEPTION 'Erro: soma dos pagamentos maior que o valor da consulta';
    END IF;

    IF NEW.forma_pagamento = 'Convenio' AND tipo_consulta <> 'Convenio' THEN
        RAISE EXCEPTION 'Erro: pagamento por convenio apenas para consulta por convenio';
    END IF;

    RETURN NEW;
END;
$$ LANGUAGE plpgsql;

CREATE TRIGGER trg_pagamento_validar
BEFORE INSERT OR UPDATE ON pagamentos
FOR EACH ROW
EXECUTE FUNCTION validar_pagamento();

INSERT INTO pacientes (
    id_paciente, cpf, nome, data_nascimento, sexo, telefone, email, endereco,
    cidade, estado, nome_responsavel, telefone_emergencia, alergias, observacoes, status_paciente
)
VALUES
(1, '12345678909', 'Joao Silva', '1990-05-12', 'Masculino', '41999991111', 'joao@email.com', 'Rua das Flores, 120', 'Curitiba', 'PR', NULL, '41998887777', 'Nenhuma informada', 'Paciente sem observacoes graves', 'Ativo'),
(2, '98765432100', 'Maria Souza', '1985-09-22', 'Feminino', '41988882222', 'maria@email.com', 'Avenida Brasil, 450', 'Londrina', 'PR', NULL, '41997776666', 'Alergia a dipirona', 'Avisar sobre alergia antes de medicar', 'Ativo'),
(3, '45678912364', 'Carlos Oliveira', '2001-01-15', 'Masculino', '41977773333', 'carlos@email.com', 'Rua Parana, 80', 'Maringa', 'PR', NULL, '41996665555', 'Nenhuma informada', 'Paciente ativo', 'Ativo');

INSERT INTO medicos (id_medico, crm, estado_crm, nome, telefone, email, status_medico)
VALUES
(1, '1001', 'PR', 'Dra. Ana Martins', '41999990000', 'ana@clinica.com', 'Ativo'),
(2, '2002', 'PR', 'Dr. Pedro Lima', '41988880000', 'pedro@clinica.com', 'Ativo'),
(3, '3003', 'PR', 'Dra. Carla Souza', '41977770000', 'carla@clinica.com', 'Ativo');

INSERT INTO convenios (id_convenio, nome_convenio, telefone, status_convenio)
VALUES
(1, 'Unimed', '4133334444', 'Ativo'),
(2, 'Amil', '4144445555', 'Ativo');

INSERT INTO paciente_convenios (id_paciente, id_convenio, numero_carteirinha, status_paciente_convenio)
VALUES
(2, 1, 'UNI-2026-002', 'Ativo'),
(3, 2, 'AMIL-2026-003', 'Ativo');

INSERT INTO especialidades (id_especialidade, nome_especialidade, descricao, status_especialidade)
VALUES
(1, 'Clinico geral', 'Atendimento inicial e avaliacao geral do paciente', 'Ativo'),
(2, 'Otorrinolaringologia', 'Atendimento relacionado a ouvido, nariz e garganta', 'Ativo'),
(3, 'Ortopedia', 'Atendimento relacionado a ossos, articulacoes, coluna, maos e pes', 'Ativo');

INSERT INTO medico_especialidades (id_medico, id_especialidade)
VALUES
(1, 1),
(2, 2),
(3, 3);

INSERT INTO tipos_atendimento (id_tipo_atendimento, id_especialidade, nome_atendimento, descricao, status_tipo)
VALUES
(1, 1, 'Avaliacao geral', 'Consulta para sintomas gerais e encaminhamento medico', 'Ativo'),
(2, 2, 'Dor de ouvido', 'Atendimento para dor, infeccao ou incomodo no ouvido', 'Ativo'),
(3, 2, 'Problema na garganta', 'Atendimento para dor, rouquidao ou inflamacao na garganta', 'Ativo'),
(4, 3, 'Dor no pe', 'Atendimento para dor, lesao ou problema ortopedico no pe', 'Ativo'),
(5, 3, 'Dor no joelho', 'Atendimento para dor ou lesao no joelho', 'Ativo');

INSERT INTO salas (id_sala, nome_sala, status_sala)
VALUES
(1, 'Sala 01', 'Ativa'),
(2, 'Sala 02', 'Ativa'),
(3, 'Sala 03', 'Ativa');

INSERT INTO horarios_medicos (id_horario, id_medico, dia_semana, hora_inicio, hora_fim, status_horario)
VALUES
(1, 1, 3, '08:00', '12:00', 'Ativo'),
(2, 2, 3, '08:00', '12:00', 'Ativo'),
(3, 3, 4, '08:00', '12:00', 'Ativo');

INSERT INTO consultas (
    id_consulta, id_paciente, id_medico, id_especialidade, id_tipo_atendimento,
    id_sala, forma_atendimento, id_convenio, data_agendamento, data_consulta,
    hora_inicio, hora_fim, valor_consulta_centavos, status_consulta,
    motivo_cancelamento, observacoes
)
VALUES
(1, 1, 1, 1, 1, 1, 'Particular', NULL, '2026-06-01', '2026-06-10', '08:30', '09:00', 12000, 'Realizada', NULL, 'Primeira consulta do paciente'),
(2, 2, 2, 2, 2, 2, 'Convenio', 1, '2026-06-01', '2026-06-10', '09:00', '09:30', 18000, 'Agendada', NULL, 'Paciente relatou dor de ouvido'),
(3, 3, 3, 3, 4, 3, 'Convenio', 2, '2026-06-02', '2026-06-11', '10:00', '10:45', 20000, 'Agendada', NULL, 'Paciente relatou dor no pe');

INSERT INTO prontuarios (id_prontuario, id_consulta, queixa_principal, diagnostico, prescricao, observacoes_clinicas)
VALUES
(1, 1, 'Consulta de avaliacao geral', 'Sem alteracoes graves no momento', 'Orientacoes gerais e acompanhamento se necessario', 'Prontuario registrado apos consulta realizada');

INSERT INTO pagamentos (id_pagamento, id_consulta, forma_pagamento, valor_pago_centavos, status_pagamento)
VALUES
(1, 1, 'Pix', 12000, 'Pago'),
(2, 2, 'Convenio', 0, 'Pendente'),
(3, 3, 'Convenio', 0, 'Pendente');

-- Consulta: relatório completo de consultas médicas.
SELECT
    c.id_consulta,
    SUBSTR(p.cpf, 1, 3) || '.' ||
    SUBSTR(p.cpf, 4, 3) || '.' ||
    SUBSTR(p.cpf, 7, 3) || '-' ||
    SUBSTR(p.cpf, 10, 2) AS cpf_paciente,
    p.nome AS paciente,
    CASE
        WHEN LENGTH(p.telefone) = 11 THEN
            '(' || SUBSTR(p.telefone, 1, 2) || ') ' ||
            SUBSTR(p.telefone, 3, 5) || '-' ||
            SUBSTR(p.telefone, 8, 4)
        WHEN LENGTH(p.telefone) = 10 THEN
            '(' || SUBSTR(p.telefone, 1, 2) || ') ' ||
            SUBSTR(p.telefone, 3, 4) || '-' ||
            SUBSTR(p.telefone, 7, 4)
        ELSE p.telefone
    END AS telefone_paciente,
    m.nome AS medico,
    'CRM-' || m.estado_crm || '-' || m.crm AS crm_formatado,
    e.nome_especialidade,
    ta.nome_atendimento,
    s.nome_sala,
    c.forma_atendimento,
    COALESCE(cv.nome_convenio, 'Particular') AS convenio,
    TO_CHAR(c.data_consulta, 'DD/MM/YYYY') AS data_consulta,
    TO_CHAR(c.hora_inicio, 'HH24:MI') || ' - ' || TO_CHAR(c.hora_fim, 'HH24:MI') AS horario,
    'R$ ' || REPLACE(TO_CHAR(c.valor_consulta_centavos / 100.0, 'FM999999990.00'), '.', ',') AS valor_consulta,
    c.status_consulta,
    c.observacoes
FROM consultas c
INNER JOIN pacientes p
    ON c.id_paciente = p.id_paciente
INNER JOIN medicos m
    ON c.id_medico = m.id_medico
INNER JOIN especialidades e
    ON c.id_especialidade = e.id_especialidade
INNER JOIN tipos_atendimento ta
    ON c.id_tipo_atendimento = ta.id_tipo_atendimento
    AND c.id_especialidade = ta.id_especialidade
INNER JOIN salas s
    ON c.id_sala = s.id_sala
LEFT JOIN convenios cv
    ON c.id_convenio = cv.id_convenio
ORDER BY c.data_consulta, c.hora_inicio;
