-- ============================================================
-- BANCO DE DADOS ESCOLAR ORGANIZADO
-- MODELO PARA SUPABASE COM CGM COMO CHAVE PRIMÁRIA
-- ============================================================

-- ============================================================
-- 1. LIMPEZA DO BANCO
-- ============================================================

drop view if exists public.vw_boletim_alunos;
drop view if exists public.vw_media_alunos;
drop view if exists public.vw_resumo_escolas;
drop view if exists public.vw_resumo_turmas;
drop view if exists public.vw_resumo_disciplinas;

drop table if exists public.notas cascade;
drop table if exists public.matriculas cascade;
drop table if exists public.disciplinas cascade;
drop table if exists public.alunos cascade;
drop table if exists public.turmas cascade;
drop table if exists public.escolas cascade;

-- ============================================================
-- 2. TABELAS PRINCIPAIS
-- ============================================================

-- Uma escola pode ter várias turmas
create table public.escolas (
  id bigint generated by default as identity primary key,
  nome text not null,
  cidade text not null,
  estado char(2) not null
);

-- Cada turma pertence a uma escola
create table public.turmas (
  id bigint generated by default as identity primary key,
  escola_id bigint not null references public.escolas(id) on delete cascade,
  nome text not null,
  serie text not null,
  turno text not null,
  ano_letivo integer not null
);

-- O CGM é a chave primária do aluno
-- Como o CGM é único, ele identifica diretamente cada estudante
create table public.alunos (
  cgm text primary key,
  nome text not null,
  data_nascimento date,

  constraint chk_cgm_numerico check (cgm ~ '^[0-9]+$')
);

-- Cadastro simples das disciplinas
create table public.disciplinas (
  id bigint generated by default as identity primary key,
  nome text not null unique
);

-- Liga alunos às turmas
create table public.matriculas (
  id bigint generated by default as identity primary key,
  aluno_cgm text not null references public.alunos(cgm) on delete cascade,
  turma_id bigint not null references public.turmas(id) on delete cascade,
  numero_chamada integer not null,
  situacao text not null default 'Matriculado',

  constraint uq_aluno_turma unique (aluno_cgm, turma_id)
);

-- Registra as notas dos alunos
create table public.notas (
  id bigint generated by default as identity primary key,
  matricula_id bigint not null references public.matriculas(id) on delete cascade,
  disciplina_id bigint not null references public.disciplinas(id) on delete cascade,
  trimestre text not null,
  nota numeric(4,2) not null,
  faltas integer not null default 0,

  constraint chk_nota_valida check (nota >= 0 and nota <= 10),
  constraint chk_faltas_validas check (faltas >= 0),
  constraint uq_nota_unica unique (matricula_id, disciplina_id, trimestre)
);

-- ============================================================
-- 3. DADOS FICTÍCIOS REALISTAS
-- ============================================================

insert into public.escolas (id, nome, cidade, estado) values
(1, 'Colégio Estadual Aurora do Saber', 'Paranaguá', 'PR'),
(2, 'Colégio Estadual Porto das Águas', 'Curitiba', 'PR');

insert into public.turmas (id, escola_id, nome, serie, turno, ano_letivo) values
(1, 1, '2A', '2ª Série', 'Tarde', 2026),
(2, 1, '2B', '2ª Série', 'Manhã', 2026),
(3, 2, '2C', '2ª Série', 'Tarde', 2026);

insert into public.alunos (cgm, nome, data_nascimento) values
('2026001', 'Ana Clara Martins Souza', '2009-04-12'),
('2026002', 'Bruno Henrique Oliveira', '2009-08-25'),
('2026003', 'Camila Vitória Fernandes', '2010-01-18'),
('2026004', 'Davi Lucas Almeida', '2009-11-03'),
('2026005', 'Isabella Rodrigues Lima', '2010-02-09'),
('2026006', 'João Pedro Carvalho', '2009-07-21'),
('2026007', 'Larissa Mendes Rocha', '2010-05-30'),
('2026008', 'Rafael Augusto Barbosa', '2009-12-14'),
('2026009', 'Mariana Lopes Ferreira', '2010-03-16');

insert into public.disciplinas (id, nome) values
(1, 'Matemática'),
(2, 'Língua Portuguesa'),
(3, 'História'),
(4, 'Física'),
(5, 'Programação');

insert into public.matriculas (id, aluno_cgm, turma_id, numero_chamada, situacao) values
(1, '2026001', 1, 1, 'Matriculado'),
(2, '2026002', 1, 2, 'Matriculado'),
(3, '2026003', 1, 3, 'Matriculado'),

(4, '2026004', 2, 1, 'Matriculado'),
(5, '2026005', 2, 2, 'Matriculado'),
(6, '2026006', 2, 3, 'Matriculado'),

(7, '2026007', 3, 1, 'Matriculado'),
(8, '2026008', 3, 2, 'Matriculado'),
(9, '2026009', 3, 3, 'Matriculado');

insert into public.notas (matricula_id, disciplina_id, trimestre, nota, faltas) values
-- Ana Clara
(1, 1, '1º Trimestre', 8.7, 1),
(1, 2, '1º Trimestre', 7.9, 0),
(1, 3, '1º Trimestre', 8.4, 2),
(1, 4, '1º Trimestre', 7.2, 1),
(1, 5, '1º Trimestre', 9.1, 0),

-- Bruno Henrique
(2, 1, '1º Trimestre', 6.8, 3),
(2, 2, '1º Trimestre', 7.4, 1),
(2, 3, '1º Trimestre', 6.9, 2),
(2, 4, '1º Trimestre', 5.8, 4),
(2, 5, '1º Trimestre', 8.0, 1),

-- Camila Vitória
(3, 1, '1º Trimestre', 9.2, 0),
(3, 2, '1º Trimestre', 8.8, 1),
(3, 3, '1º Trimestre', 8.5, 0),
(3, 4, '1º Trimestre', 8.1, 1),
(3, 5, '1º Trimestre', 9.5, 0),

-- Davi Lucas
(4, 1, '1º Trimestre', 5.9, 5),
(4, 2, '1º Trimestre', 6.6, 2),
(4, 3, '1º Trimestre', 7.1, 1),
(4, 4, '1º Trimestre', 6.2, 3),
(4, 5, '1º Trimestre', 7.7, 0),

-- Isabella Rodrigues
(5, 1, '1º Trimestre', 8.1, 1),
(5, 2, '1º Trimestre', 8.6, 0),
(5, 3, '1º Trimestre', 7.8, 2),
(5, 4, '1º Trimestre', 7.5, 1),
(5, 5, '1º Trimestre', 8.9, 0),

-- João Pedro
(6, 1, '1º Trimestre', 6.4, 2),
(6, 2, '1º Trimestre', 7.0, 1),
(6, 3, '1º Trimestre', 6.7, 3),
(6, 4, '1º Trimestre', 5.6, 4),
(6, 5, '1º Trimestre', 7.3, 1),

-- Larissa Mendes
(7, 1, '1º Trimestre', 9.0, 0),
(7, 2, '1º Trimestre', 8.2, 1),
(7, 3, '1º Trimestre', 8.9, 0),
(7, 4, '1º Trimestre', 8.4, 1),
(7, 5, '1º Trimestre', 9.3, 0),

-- Rafael Augusto
(8, 1, '1º Trimestre', 7.2, 2),
(8, 2, '1º Trimestre', 6.9, 2),
(8, 3, '1º Trimestre', 7.5, 1),
(8, 4, '1º Trimestre', 6.8, 3),
(8, 5, '1º Trimestre', 8.1, 0),

-- Mariana Lopes
(9, 1, '1º Trimestre', 8.4, 1),
(9, 2, '1º Trimestre', 8.0, 0),
(9, 3, '1º Trimestre', 7.6, 1),
(9, 4, '1º Trimestre', 7.9, 2),
(9, 5, '1º Trimestre', 8.7, 0);

-- ============================================================
-- 4. SEGURANÇA DAS TABELAS
-- ============================================================

alter table public.escolas enable row level security;
alter table public.turmas enable row level security;
alter table public.alunos enable row level security;
alter table public.disciplinas enable row level security;
alter table public.matriculas enable row level security;
alter table public.notas enable row level security;

create policy "Permitir leitura para autenticados em escolas"
on public.escolas
for select
to authenticated
using (true);

create policy "Permitir leitura para autenticados em turmas"
on public.turmas
for select
to authenticated
using (true);

create policy "Permitir leitura para autenticados em alunos"
on public.alunos
for select
to authenticated
using (true);

create policy "Permitir leitura para autenticados em disciplinas"
on public.disciplinas
for select
to authenticated
using (true);

create policy "Permitir leitura para autenticados em matriculas"
on public.matriculas
for select
to authenticated
using (true);

create policy "Permitir leitura para autenticados em notas"
on public.notas
for select
to authenticated
using (true);

grant select on public.escolas to authenticated;
grant select on public.turmas to authenticated;
grant select on public.alunos to authenticated;
grant select on public.disciplinas to authenticated;
grant select on public.matriculas to authenticated;
grant select on public.notas to authenticated;

-- ============================================================
-- 5. VIEWS SEGURAS
-- ============================================================

create view public.vw_boletim_alunos
with (security_invoker = true)
as
select
  e.nome as escola,
  e.cidade,
  e.estado,
  t.nome as turma,
  t.serie,
  t.turno,
  a.cgm,
  a.nome as aluno,
  d.nome as disciplina,
  n.trimestre,
  n.nota,
  n.faltas
from public.notas n
join public.matriculas m on m.id = n.matricula_id
join public.alunos a on a.cgm = m.aluno_cgm
join public.turmas t on t.id = m.turma_id
join public.escolas e on e.id = t.escola_id
join public.disciplinas d on d.id = n.disciplina_id;

create view public.vw_media_alunos
with (security_invoker = true)
as
select
  e.nome as escola,
  t.nome as turma,
  a.cgm,
  a.nome as aluno,
  round(avg(n.nota), 2) as media_geral,
  sum(n.faltas) as total_faltas,
  case
    when avg(n.nota) >= 7 then 'Aprovado'
    when avg(n.nota) >= 6 then 'Recuperação'
    else 'Reprovado'
  end as situacao
from public.notas n
join public.matriculas m on m.id = n.matricula_id
join public.alunos a on a.cgm = m.aluno_cgm
join public.turmas t on t.id = m.turma_id
join public.escolas e on e.id = t.escola_id
group by e.nome, t.nome, a.cgm, a.nome;

create view public.vw_resumo_escolas
with (security_invoker = true)
as
select
  e.nome as escola,
  e.cidade,
  e.estado,
  count(distinct t.id) as total_turmas,
  count(distinct a.cgm) as total_alunos,
  round(avg(n.nota), 2) as media_geral_escola,
  sum(n.faltas) as total_faltas
from public.escolas e
join public.turmas t on t.escola_id = e.id
join public.matriculas m on m.turma_id = t.id
join public.alunos a on a.cgm = m.aluno_cgm
join public.notas n on n.matricula_id = m.id
group by e.nome, e.cidade, e.estado;

create view public.vw_resumo_turmas
with (security_invoker = true)
as
select
  e.nome as escola,
  t.nome as turma,
  t.serie,
  t.turno,
  count(distinct a.cgm) as total_alunos,
  round(avg(n.nota), 2) as media_turma,
  sum(n.faltas) as total_faltas
from public.turmas t
join public.escolas e on e.id = t.escola_id
join public.matriculas m on m.turma_id = t.id
join public.alunos a on a.cgm = m.aluno_cgm
join public.notas n on n.matricula_id = m.id
group by e.nome, t.nome, t.serie, t.turno;

create view public.vw_resumo_disciplinas
with (security_invoker = true)
as
select
  d.nome as disciplina,
  count(n.id) as total_notas,
  round(avg(n.nota), 2) as media_disciplina,
  sum(n.faltas) as total_faltas
from public.disciplinas d
join public.notas n on n.disciplina_id = d.id
group by d.nome;

-- ============================================================
-- 6. PERMISSÕES DAS VIEWS
-- ============================================================

revoke all on public.vw_boletim_alunos from anon;
revoke all on public.vw_media_alunos from anon;
revoke all on public.vw_resumo_escolas from anon;
revoke all on public.vw_resumo_turmas from anon;
revoke all on public.vw_resumo_disciplinas from anon;

grant select on public.vw_boletim_alunos to authenticated;
grant select on public.vw_media_alunos to authenticated;
grant select on public.vw_resumo_escolas to authenticated;
grant select on public.vw_resumo_turmas to authenticated;
grant select on public.vw_resumo_disciplinas to authenticated;

-- ============================================================
-- 7. CONSULTAS PARA TESTAR
-- ============================================================

select * from public.vw_boletim_alunos;
select * from public.vw_media_alunos;
select * from public.vw_resumo_escolas;
select * from public.vw_resumo_turmas;
select * from public.vw_resumo_disciplinas;
